project_id,region,dept,year,project_title,project_url,url_cerfa,url_decision
cdb6da54131c40db0a232b15a141e24e41d4dc36,occitanie,??,2024,Projet d'infrastructures de stockage d'électricité par batterie et d'un poste électrique associé sur la commune de Laudun-L'Ardoise (Gard),https://side.developpement-durable.gouv.fr/PAE/doc/SYRACUSE/891484/projet-d-infrastructures-de-stockage-d-electricite-par-batterie-et-d-un-poste-electrique-associe-sur,,http://autorite-environnementale-entrepot.developpement-durable.gouv.fr/internet_2076/2024-013565-84878_2024-013565_decision.pdf
f4a23a5c7f9d321993619d45bacea6d14b151699,occitanie,??,2024,Production et stockage d'énergie renouvelable photovoltaïque à Trouillas (Pyrénées-Orientales),https://side.developpement-durable.gouv.fr/PAE/doc/SYRACUSE/889041/production-et-stockage-d-energie-renouvelable-photovoltaique-a-trouillas-pyrenees-orientales,http://autorite-environnementale-entrepot.developpement-durable.gouv.fr/internet_2076/2024-013402-81347_13402.zip,http://autorite-environnementale-entrepot.developpement-durable.gouv.fr/internet_2076/2024-013402-81476_2024-013402-80396_dispense.pdf
ace12f1d0511ad1588227d76c25672071abb1c7a,occitanie,??,2024,Construction d'un poste de transformation et de stockage d'électricité sur le site de Baixas (Pyrénées-Orientales),https://side.developpement-durable.gouv.fr/PAE/doc/SYRACUSE/891243/construction-d-un-poste-de-transformation-et-de-stockage-d-electricite-sur-le-site-de-baixas-pyrenee,,http://autorite-environnementale-entrepot.developpement-durable.gouv.fr/internet_2076/2024-013694-85054_2024-013694_soumission.pdf
17c005a56b55a6325083acfb601f828d7c7e8a20,nouvelle_aquitaine,79,2024,Poste de transformation et de stockage d'électricité à Assais-Les-Jumeaux (79),https://side.developpement-durable.gouv.fr/PAE/doc/SYRACUSE/888340/poste-de-transformation-et-de-stockage-d-electricite-a-assais-les-jumeaux-79,http://autorite-environnementale-entrepot.developpement-durable.gouv.fr/internet_2075/2024-015697-68355_p_2024_15697_f.pdf,http://autorite-environnementale-entrepot.developpement-durable.gouv.fr/internet_2075/2024-015697-68434_P_2024_15697_d.pdf
6112d374d7bf3d841755f828606a784541b21c7b,ara,??,2024,Defrichement Saugues et Saint Prejet d'Allier 43 Gregory Besse,https://side.developpement-durable.gouv.fr/PAE/doc/SYRACUSE/888779/defrichement-saugues-et-saint-prejet-d-allier-43-gregory-besse,,
fc7c76d9636fc0588af9bf0a9b6b97ef3d19111c,ara,??,2024,Etang de Goule programme de travaux de vidange curage et travaux sur le barrage Bessais le Fromental 18 et Valigny 03 Departement du Cher,https://side.developpement-durable.gouv.fr/PAE/doc/SYRACUSE/887193/etang-de-goule-programme-de-travaux-de-vidange-curage-et-travaux-sur-le-barrage-bessais-le-fromental,,
67a1574b25340699dbbbf3ccb4a843ec84dfa79f,hdf,60,2024,Stockage d'énergie par batteries de Grand-Prés à Allonne (60),https://side.developpement-durable.gouv.fr/PAE/doc/SYRACUSE/889002/stockage-d-energie-par-batteries-de-grand-pres-a-allonne-60,,http://autorite-environnementale-entrepot.developpement-durable.gouv.fr/internet_2032/2024-008112-25460_8112_Decision.pdf
a814e75ef5fa724b5570a4bf88f34760bb4c5d7e,hdf,60,2024,Projet d'unité de stockage d'énergie à Allonne (60),https://side.developpement-durable.gouv.fr/PAE/doc/SYRACUSE/884221/projet-d-unite-de-stockage-d-energie-a-allonne-60,,http://autorite-environnementale-entrepot.developpement-durable.gouv.fr/internet_2032/2023-007562-23261_7562_decision_NS.pdf
6eeec6f56650bf85754e55d49810100dd62fcc67,hdf,62,2024,Station de stockage d’électricité à Billy-Berclau (62),https://side.developpement-durable.gouv.fr/PAE/doc/SYRACUSE/887674/station-de-stockage-d-electricite-a-billy-berclau-62,,http://autorite-environnementale-entrepot.developpement-durable.gouv.fr/internet_2032/2024-007828-24235_7828_DS_stockage_elec_Billy-BerclauSIGNEE.pdf
29d010307a7db6a24e56a7d5c5062ea691c9b0bf,hdf,60,2024,Station de stockage d’électricité à Neuilly-en-Thelle (60),https://side.developpement-durable.gouv.fr/PAE/doc/SYRACUSE/885752/station-de-stockage-d-electricite-a-neuilly-en-thelle-60,,http://autorite-environnementale-entrepot.developpement-durable.gouv.fr/internet_2032/2024-007792-23852_7792_DNS_stock_elec_neuillySIGNEE.pdf
4151781fad3875c1194b1fcf845de9104f66a609,hdf,59,2024,Station de stockage d’électricité à Estaires (59),https://side.developpement-durable.gouv.fr/PAE/doc/SYRACUSE/886444/station-de-stockage-d-electricite-a-estaires-59,,http://autorite-environnementale-entrepot.developpement-durable.gouv.fr/internet_2032/2024-007830-23937_7830_DNS_stockage_elec_EstairesSIGNEE.pdf
fab57eee6d7043bae5911f23fdaf0175d5d11532,pays_de_loire,??,2024,Création d'un site de stockage de batteries au Lithium (Li-ion),https://side.developpement-durable.gouv.fr/PAE/doc/SYRACUSE/889939/creation-d-un-site-de-stockage-de-batteries-au-lithium-li-ion,http://autorite-environnementale-entrepot.developpement-durable.gouv.fr/internet_2052/2024-007928-59006_2024-7928_Formulaire_complet.pdf,http://autorite-environnementale-entrepot.developpement-durable.gouv.fr/internet_2052/2024-007928-59264_2024-7928-Projet-arrete_signe.pdf
8ed53e3fbdb496d625975e813ee0e18752e47aa3,pays_de_loire,??,2024,Création d'un poste électrique et d'une installation de stockage d'énergie par batteries Lithium-Ion,https://side.developpement-durable.gouv.fr/PAE/doc/SYRACUSE/886831/creation-d-un-poste-electrique-et-d-une-installation-de-stockage-d-energie-par-batteries-lithium-ion,http://autorite-environnementale-entrepot.developpement-durable.gouv.fr/internet_2052/2024-007658-56345_2024-7658_FormulaireComplet.pdf,http://autorite-environnementale-entrepot.developpement-durable.gouv.fr/internet_2052/2024-007658-56756_2024-7658-Projet_d_arrete_signe.pdf
f605c32aff80be3f7538dfb43c286020897dcc63,pays_de_loire,??,2024,Station de stockage d'électricité de Molière,https://side.developpement-durable.gouv.fr/PAE/doc/SYRACUSE/886422/station-de-stockage-d-electricite-de-moliere,http://autorite-environnementale-entrepot.developpement-durable.gouv.fr/internet_2052/2024-007653-55814_2024-7653_formulaire_complet.pdf,http://autorite-environnementale-entrepot.developpement-durable.gouv.fr/internet_2052/2024-007653-56309_2024-7653_Projet_d_arrete_signe.pdf
8ae615682a1047402ae3c7c6cb5f7ceba23edd75,normandie,50,2024,Stockage d'électricité par batteries et création d'un poste de transformation au lieu-dit Le Tertre sur la commune de Saint-Laurent-de-Terregatte (50),https://side.developpement-durable.gouv.fr/PAE/doc/SYRACUSE/888523/stockage-d-electricite-par-batteries-et-creation-d-un-poste-de-transformation-au-lieu-dit-le-tertre-,,http://autorite-environnementale-entrepot.developpement-durable.gouv.fr/internet_2028/2024-005439-46361_D_2024_5439_Stockage_electricite_St_Lt_Terregat_signe.pdf
05c3bf2e417aa05133685ed9ff2b0222d7e419c4,normandie,61,2024,Stockage de batteries au sol au lieu-dit Boisthorel sur la commune de Rai (61),https://side.developpement-durable.gouv.fr/PAE/doc/SYRACUSE/888253/stockage-de-batteries-au-sol-au-lieu-dit-boisthorel-sur-la-commune-de-rai-61,,http://autorite-environnementale-entrepot.developpement-durable.gouv.fr/internet_2028/2024-005424-46388_D_2024-5424_stockage_batteries_Rai_signe.pdf
1433e60fb41e6765e004577ad40b40f06daceae8,normandie,14,2024,Stockage d'énergie par batterie situé au lieu-dit Cours Satis sur la commune de Coquainvilliers (14),https://side.developpement-durable.gouv.fr/PAE/doc/SYRACUSE/892021/stockage-d-energie-par-batterie-situe-au-lieu-dit-cours-satis-sur-la-commune-de-coquainvilliers-14,,http://autorite-environnementale-entrepot.developpement-durable.gouv.fr/internet_2028/2024-005652-48176_D_2024_5652_stockage_batterie_Coquainvilliers_signe.pdf
64fd6a35dd338b52902282f6a1883ba8bb780724,grand_est,68,2024,Station de stockage d'électricité d'Ensisheim (68),https://side.developpement-durable.gouv.fr/PAE/doc/SYRACUSE/890167/station-de-stockage-d-electricite-d-ensisheim-68,,
196449e9a44a44a5ae99e174f7f5b2bb31119738,grand_est,54,2024,Station de stockage d'électricité à Villers-sous-Preny (54),https://side.developpement-durable.gouv.fr/PAE/doc/SYRACUSE/884882/station-de-stockage-d-electricite-a-villers-sous-preny-54,,
024404980ecbfb84c506c011c48a36b365f9653b,grand_est,57,2024,Station de stockage d'électricité à Volstroff (57),https://side.developpement-durable.gouv.fr/PAE/doc/SYRACUSE/888251/station-de-stockage-d-electricite-a-volstroff-57,,
3606bcac6d67542391ee066c853fc670e548557b,grand_est,88,2024,"Station de stockage d'électricité de ""Rambervillers"" (88)",https://side.developpement-durable.gouv.fr/PAE/doc/SYRACUSE/888872/station-de-stockage-d-electricite-de-rambervillers-88,,
1b9ca00a828533dd21344fb5fa4dea2624e53cf6,grand_est,08,2024,Construction d'un poste de transformation et de stockage d'électricité sur le site de Lonny (08),https://side.developpement-durable.gouv.fr/PAE/doc/SYRACUSE/887208/construction-d-un-poste-de-transformation-et-de-stockage-d-electricite-sur-le-site-de-lonny-08,,
561aa39b5cded54e198d444cffb664f0e6ae26e3,grand_est,67,2024,"Station de stockage d'électricité de ""DRULINGEN"" sur la commune de Drulingen (67)",https://side.developpement-durable.gouv.fr/PAE/doc/SYRACUSE/890312/station-de-stockage-d-electricite-de-drulingen-sur-la-commune-de-drulingen-67,,
6b37409f9533aa4a19a75e39b8292567dd56ba11,grand_est,68,2024,Station de stockage d'électricité à Hirsingue (68),https://side.developpement-durable.gouv.fr/PAE/doc/SYRACUSE/885117/station-de-stockage-d-electricite-a-hirsingue-68,,
c5a2f4f18b559b1921617d96a59160a89283f60c,bretagne,29,2024,Projet de stockage d'électricité par batterie avec création d'un poste de transformation HTB à Pleyber-Christ (29),https://side.developpement-durable.gouv.fr/PAE/doc/SYRACUSE/891377/projet-de-stockage-d-electricite-par-batterie-avec-creation-d-un-poste-de-transformation-htb-a-pleyb,,http://autorite-environnementale-entrepot.developpement-durable.gouv.fr/internet_2053/2024-011859-83981_11859_arrete.pdf
5d9d8b198060bceaf75b6e9d233dfab93abe4ca5,bretagne,29,2024,Installation d'une unité de stockage d'électricité sur batteries à Pleyber-Christ (29),https://side.developpement-durable.gouv.fr/PAE/doc/SYRACUSE/887790/installation-d-une-unite-de-stockage-d-electricite-sur-batteries-a-pleyber-christ-29,http://autorite-environnementale-entrepot.developpement-durable.gouv.fr/internet_2053/2024-011527-80438_cerfa.pdf,http://autorite-environnementale-entrepot.developpement-durable.gouv.fr/internet_2053/2024-011527-80723_11527_arrete.pdf
9ecd728d53b220c067b62dd8bd2fd51bfdbe3012,bretagne,56,2024,Construction d'une centrale de stockage d'energie par batteries sur le site industriel de Fonderie de Bretagne et raccordement à son poste électrique privé à Caudan (56),https://side.developpement-durable.gouv.fr/PAE/doc/SYRACUSE/890781/construction-d-une-centrale-de-stockage-d-energie-par-batteries-sur-le-site-industriel-de-fonderie-d,,http://autorite-environnementale-entrepot.developpement-durable.gouv.fr/internet_2053/2024-011807-83683_11807_arrete.pdf
aaaa6536a29b1e694d97133f55e9a4ae9512da48,bretagne,22,2024,Implantation d'une station de stockage d'électricité sur batteries à Plourhan (22),https://side.developpement-durable.gouv.fr/PAE/doc/SYRACUSE/885966/implantation-d-une-station-de-stockage-d-electricite-sur-batteries-a-plourhan-22,http://autorite-environnementale-entrepot.developpement-durable.gouv.fr/internet_2053/2024-011295-81641_11295_recours.pdf,http://autorite-environnementale-entrepot.developpement-durable.gouv.fr/internet_2053/2024-011295-80187_11295_ARRETE.pdf
