project_id,project_url,project_title,dept,region,year,puissance_MW,duree_h,energie_MWh,technologie,demandeur,commune,cas_par_cas_decision,cas_par_cas_date,decision_detail,n_docs,has_decision_doc,analysis_ok,errors,notes,permit_number,permit_deposit_date,permit_issue_date,permit_consultation_start,permit_consultation_end,permit_source,permit_source_type,permit_confidence,permit_summary,_source_file
b21f5d417f21b2e47d90d71c3e3a6af458368152,https://www.auvergne-rhone-alpes.developpement-durable.gouv.fr/malintrat-63-stockage-d-energie-par-batteries-de-a23308.html,Malintrat (63) : stockage d’énergie par batteries de Ronzières,63,auvergne-rhone-alpes,2023,100.0,2.0,200.0,Lithium Fer Phosphate (LFP),Harmony Energy France,Malintrat,soumis_EI,2023-03-22,"Le projet est soumis à évaluation environnementale. La décision initiale du 22 mars 2023 a été maintenue suite au recours du demandeur du 12 avril 2023, qui a été jugé défavorable.",4,yes,yes,,"Le projet consiste en l'implantation de 54 unités de stockage de batteries (Lithium Fer Phosphate), 27 postes de transformation, un poste électrique 63kV/33kV, des tranchées pour câbles, un local de 150m², une citerne incendie de 120m³, une piste d'accès, un parking et une clôture de 500m. Les raisons principales du maintien de la soumission à évaluation environnementale sont : 1) la perte de 1,3 ha de surface agricole (même en jachère) et l'imperméabilisation de plus de 2200 m² ; 2) une intégration paysagère jugée insuffisante, notamment depuis la D2, et l'absence d'évaluation de l'impact du stockage des terres arables sur site ; 3) l'absence de simulation acoustique et de mesures ERC associées pour le bruit ; 4) une justification incomplète du choix des sites alternatifs, en particulier concernant la faisabilité technique et économique d'augmenter les capacités de raccordement sur d'autres sites potentiellement moins impactants. Harmony Energy France a fourni des détails supplémentaires sur le raccordement (responsabilité de RTE, 200m le long de la D2), l'occupation des sols (13 211 m² d'emprise totale, 2 261 m² imperméabilisés, terrain en jachère), l'intégration paysagère (haie paysagère, photomontages, engagement sur la réglementation sonore), le bilan carbone (34 389 tCO2e générées, 398 188 tCO2e évitées sur 20 ans) et la méthodologie de sélection des sites (proximité du poste RTE, 3 sites identifiés dans le Puy-de-Dôme, aucun adapté dans la métropole clermontoise).",2024-ARA-AP-1693,2024-03-13,2024-05-13,2024-05-07,2024-05-13,https://www.mrae.developpement-durable.gouv.fr/IMG/pdf/ap-1693-stockageenergiebatteries-malintrat63apublier.pdf,dreal_html,0.8800000000000001,Trouvé via dreal_html | Commune mentionnée 26x ✓ | Demandeur 'Harmony Energy France' trouvé ✓,enriched_auvergne-rhone-alpes_2023.csv
24fafba40d39ff832afb406c42544cffb35fe39f,https://www.bourgogne-franche-comte.developpement-durable.gouv.fr/fougerolles-a9838.html,Fougerolles,,bourgogne-franche-comte,2023,,,,Stockage et transit de batteries usagées,FERS et METAUX,Fougerolles-Saint-Valbert,non_soumis_EI,2023-02-08,"Le projet consiste en la création d'une aire de stockage et de transit de batteries usagées (environ 90 tonnes sur 42 m²) dans des bacs étanches sur une aire imperméabilisée avec collecte des eaux pluviales via un séparateur d'hydrocarbures. Les impacts sur l'environnement et la santé humaine sont jugés non notables compte tenu des mesures d'évitement et de réduction prévues, notamment la protection de la zone Natura 2000 'Vallée de la Lanterne' et le respect des nuisances sonores.",3,no,yes,,"Le projet concerne la régularisation d'une activité existante de la société FERS et METAUX, spécialisée dans la récupération de métaux et le transit de déchets. Le site est situé dans le Parc Naturel Régional des Ballons des Vosges et à proximité immédiate de la zone Natura 2000 'Vallée de la Lanterne'. Le dossier mentionne une masse de 90 tonnes de batteries usagées stockées sur 42 m², sans indication de puissance ou durée de stockage énergétique.",,,,,,https://fougerolles-saint-valbert.fr/droits-et-demarches?audience=pro&xml=F38925,other,0.27,Trouvé via other | Commune mentionnée 8x ✓ | Demandeur 'FERS et METAUX' absent (warning) | Aucun numéro extrait,enriched_bourgogne-franche-comte_2023.csv
61b5c4c3e1930a854daeee0ece68a07340c60d9d,https://www.auvergne-rhone-alpes.developpement-durable.gouv.fr/domerat-03-creation-et-installation-d-une-unite-de-a24781.html,Domérat (03) : création et installation d’une unité de stockage d’énergies par batteries électrochimiques,03,auvergne-rhone-alpes,2023,10.0,4.0,40.0,batteries électrochimiques,SASU centrale solaire des Genêts,Domérat,soumis_EI,2023-12-28,"Le projet est soumis à évaluation environnementale car il est susceptible d’avoir des incidences notables sur l’environnement et la santé humaine. Les raisons incluent : 1. Perte définitive de surface agricole et imperméabilisation des sols sans évaluation d'impacts. 2. Description paysagère insuffisante (absence d'appréhension des enjeux, d'impacts potentiels et de mesures d'évitement/réduction, pas de photomontages). 3. Description de la biodiversité insuffisante (pas de description des habitats naturels et espèces, site bocager avec haies et zones humides, impacts non déterminés, mesures de réduction insuffisantes). 4. Absence de justification du choix de moindre impact au regard des alternatives possibles. 5. Absence d'analyse des effets cumulés avec les projets à proximité (centrale photovoltaïque des Genêts et un autre projet de stockage d'énergie par batterie intégré à cette centrale).",2,yes,yes,,"Le projet consiste en l'installation d'une unité de stockage d'énergie par batteries, d'une capacité initialement de 10MW/20MWh, puis modifiée à 10MW/40MWh. Il est situé à proximité de la centrale solaire des Genêts et d'un autre projet de stockage d'énergie par batterie intégré à cette centrale.",,,,,,,,0.0,,enriched_auvergne-rhone-alpes_2023.csv
e6902378400cac0c08abc31d5c4d97549cc6a95a,https://www.auvergne-rhone-alpes.developpement-durable.gouv.fr/saint-georges-sur-allier-63-stockage-d-energie-par-a24255.html,Saint-Georges-sur-Allier (63) : stockage d’énergie par batteries,63,auvergne-rhone-alpes,2023,100.0,1.0,100.0,Batteries Lithium Fer Phosphate (LFP),Harmony Energy France,Saint-Georges-sur-Allier,,,,2,no,yes,,"Le projet est composé de 2 unités de stockage de 50 MW chacune, chaque unité comprenant 20 conteneurs de batteries LFP (2,5 MWh/conteneur) et 10 conteneurs d'onduleurs. Le raccordement se fera au poste de Lignat (1,5 km au nord-est), nécessitant l'ajout d'une nouvelle cellule HTB. Le permis de construire sera instruit par la DDT du Puy-de-Dôme.",,,,,,,,0.0,Tous téléchargements échoués ou invalidés,enriched_auvergne-rhone-alpes_2023.csv
4dd49185dca69031482a457548268ffe2ec00f76,https://www.auvergne-rhone-alpes.developpement-durable.gouv.fr/domerat-03-creation-et-installation-d-une-unite-de-a24320.html,Domérat (03) : Création et installation d’une unité de stockage d’énergies par batteries électrochimiques,03,auvergne-rhone-alpes,2023,10.0,2.0,20.0,batteries électrochimiques,SASU centrale solaire des Genêts,Domérat,non_soumis_EI,,"Le projet ne justifie pas la réalisation d’une étude d’évaluation environnementale compte-tenu des caractéristiques du projet présentées dans la demande, des enjeux environnementaux liés à sa localisation et de ses impacts potentiels.",2,yes,yes,,"Projet situé au sein de l'emprise de la centrale solaire des Genêts, comprenant six containers de batteries et trois unités de conversion et de transformation. Raccordement sur les postes de livraison existants de la centrale solaire. Emprise aménagée de 1 000 m². Le projet relève de la rubrique 32 (postes de transformation >= 63 kilovolts) du tableau annexé à l’article R.122-2 du code de l’environnement.",,,,,,,,0.0,,enriched_auvergne-rhone-alpes_2023.csv
2f9caa5d12fe7c3903216ea212f4c3dac6dd53de,https://www.auvergne-rhone-alpes.developpement-durable.gouv.fr/saint-georges-sur-allier-63-stockage-d-energie-par-a24417.html,Saint-Georges-sur-Allier (63) : stockage d’énergie par batteries,63,auvergne-rhone-alpes,2023,100.0,,,Lithium Fer Phosphate,Harmony Energy France,Saint-Georges-sur-Allier,non_soumis_EI,,"Le projet ne justifie pas la réalisation d’une étude d’évaluation environnementale au regard de ses caractéristiques, des enjeux environnementaux liés à sa localisation et de ses impacts potentiels.",3,yes,yes,,"Le projet consiste en l'implantation de 54 unités de stockage de batteries, 27 postes de transformation, un poste électrique 63 kV / 33 kV, des locaux annexes (150 m² et 43 m²), une citerne incendie de 120 m³, une piste d'accès, un parking, une clôture de 500 m et des aménagements paysagers (haies, merlon végétal). L'emprise du projet est d'environ 1,6 ha, dont 1,3 ha clôturée.",,,,,,,,0.0,Tous téléchargements échoués ou invalidés,enriched_auvergne-rhone-alpes_2023.csv
c31d2d630dccf0cb40038752eb8effec8283630d,https://www.auvergne-rhone-alpes.developpement-durable.gouv.fr/saint-jean-le-vieux-01-projet-de-stockage-d-a26417.html,Saint-Jean-Le-Vieux (01) : Projet de stockage d’énergie par batterie,01,auvergne-rhone-alpes,2024,58.0,3.0,174.0,Batteries Li-ion CATL EnerC+ avec PCS SMA MVPS 4000-S2,Eco Delta,Saint-Jean-Le-Vieux,non_soumis_EI,2024-12-12,"Sur la base des informations fournies par le pétitionnaire, le projet d’ Installation de stockage d'énergie par batteries, enregistré sous le n° 2024-ARA-KKP-5516 présenté par la société Eco Delta, concernant la commune de Saint-Jean-Le-Vieux (01), n’est pas soumis à évaluation environnementale en application de la section première du chapitre II du titre II du livre premier du code de l’environnement.",7,yes,yes,,,,,,,,,,0.0,Toutes URLs filtrées (scores trop bas),enriched_auvergne-rhone-alpes_2024.csv
01b5f7e5d52fef99c537dc3b99b041bd3858542e,https://www.bourgogne-franche-comte.developpement-durable.gouv.fr/ecuisses-71-a10423.html,Ecuisses (71),71,bourgogne-franche-comte,2023,60.0,,,Batterie Lithium Fer Phosphate (LFP),Harmony Energy France,Ecuisses,non_soumis_EI,2024-01-19,"En application de la section première du chapitre II du titre II du livre premier du code de l’environnement, le projet de stockage d’énergie par batterie d’une surface de 1,4 ha en zone naturelle au lieu-dit Longpendu sur le territoire de la commune d’Ecuisses (71) n’est pas soumis à évaluation environnementale.",9,yes,yes,,,,,,,,,,0.0,,enriched_bourgogne-franche-comte_2023.csv
ded798099bb9cabdd3ab8bb52358a871b0f42b48,https://www.auvergne-rhone-alpes.developpement-durable.gouv.fr/veauche-42-creation-d-une-station-de-stockage-d-a25966.html,Veauche (42) : Création d’une station de stockage d’électricité par batterie stationnaire,42,auvergne-rhone-alpes,2024,,,,batterie stationnaire,R&S,Veauche,non_soumis_EI,,"Le projet consiste en la création d'une station de stockage d'électricité par batterie stationnaire sur la commune de Veauche (42). Il prévoit les aménagements suivants, sur un tènement de 15 000 m², en deux tranches, pour une durée de 20 mois : travaux de génie civil et VRD (3 000 m² de pistes lourdes, 1 600 m² de plate-formes destinées à accueillir les transformateurs et locaux à batteries), pose de 14 ensembles de stockage composés chacun d’un container de 20 pieds destinés à un onduleur et un transformateur, et de quatre containers de 20 pieds abritant les batteries. Le projet relève de la rubrique 32, Postes de transformation dont la tension maximale de transformation est égale ou supérieure à 63 kilovolts.",3,yes,yes,,"Le pétitionnaire s’engage à mettre en défens 8 000 m² de prairie au sud de la parcelle, en bordure du cours d’eau, à renforcer les haies existantes en périphérie nord et ouest de la parcelle et à planter une haie dense d’une largeur de 3 m en limite sud. Des mesures de réduction des nuisances sonores (pose d’un mur antibruit) sont prévues si les émergences réglementaires venaient à être dépassées. Le projet se situe hors de tout périmètre d’inventaire ou de protection de la biodiversité.",,,,,,,,0.0,,enriched_auvergne-rhone-alpes_2024.csv
e98d15a3280e974e21c7f3f37e088a20900496d7,https://www.bourgogne-franche-comte.developpement-durable.gouv.fr/dompierre-les-tilleuls-25-a10354.html,Dompierre-les-Tilleuls (25),25,bourgogne-franche-comte,2023,85.0,2.0,170.0,LFP (lithium fer phosphate),Harmony Energy France,Dompierre-les-Tilleuls,non_soumis_EI,2023-12-01,"Le projet consiste en l’installation d’un système de stockage d’électricité par batteries d’environ 85 MW et 170 MWh, nécessitant la construction d’un poste de transformation ayant une tension maximale de 63 kV, sur une surface totale d’environ 1,3 ha. Il relève de la catégorie n°32 du tableau annexé à l’article R.122-2 du code de l’environnement. Les travaux d’installation de la centrale de stockage d’énergie par batteries, d’une durée prévisible de 12 mois, incluent la réalisation de la plate-forme et des accès (environ 1 ha), la pose de 24 doubles unités de batteries et de 24 transformateurs HTA, la réalisation d’un bâtiment technique (inférieur à 150 m² et 4 m de hauteur), d’un poste électrique avec un transformateur 63 kV / 33 kV et sa cuve de récupération d’huile, la pose des câbles, l’installation d’une citerne à incendie, et la mise en place d’une clôture et d’un portail. Les travaux de raccordement au poste électrique de Frasne, d’une durée prévisible de 12 mois, prévoient la mise en place d’un câble électrique souterrain de 63 kV. Le projet fera l’objet d’une déclaration ICPE (rubrique 2925-2), d’une déclaration « loi sur l’eau » (rubrique 2.1.5.0) et d’une demande de permis de construire. Après environ 30 ans d’exploitation, il sera démantelé et le terrain remis à l’état d’origine. L’objectif est de contribuer à la régulation de la fréquence et à la sécurité de l’approvisionnement électrique. Le projet est situé au lieu-dit « La Tille » sur la commune de Dompierre-les-Tilleuls (25), en zone agricole A selon le PLUi. Il se trouve sur une parcelle agricole (prairie), à une centaine de mètres du poste électrique de Frasne et à plus d’un kilomètre des habitations. Le site est en dehors d’une zone humide, avec des enjeux écologiques évalués de « très faible » à « faible ». Il est à environ 1,3 km des sites Natura 2000 « Vallées du Drugeon et du Haut-Doubs », en zone de présomption archéologique, en zone d’exposition au retrait-gonflement des argiles de niveau « moyen » et en zone à risque de séisme de niveau « modéré », et en dehors d’autres périmètres de protection. Les impacts sur l’environnement et la santé humaine sont jugés non notables, compte tenu de la surface modérée de sols artificialisés (environ 9 500 m² dont 1 800 m² imperméabilisés) et des mesures de gestion des eaux pluviales (noues et/ou bassin de rétention). L’absence d’impact significatif sur les milieux naturels est due au faible niveau d’enjeux écologiques et à une étude d’incidences simplifiée sur Natura 2000. Une consultation archéologique préventive sera réalisée. L’implantation est en continuité d’une installation électrique existante, avec des mesures d’insertion paysagère (haies). Une étude géotechnique sera menée, et le projet a une faible sensibilité aux séismes. Il n’y aura pas d’émissions de gaz, particules ou effluents en phase d’exploitation. Le bruit est estimé « léger », avec un éloignement des habitations et le respect de la réglementation ICPE. Des mesures de limitation des risques d’incendie incluent le choix de la technologie LFP (risque d’emballement thermique très limité), le respect des normes, un système de surveillance et prévention, et des mesures opérationnelles (enceinte hermétique, ventilation, distance entre lots, citerne incendie). Aucun autre enjeu environnemental ou sanitaire notable n’a été identifié.",9,yes,yes,,,,,,,,,,0.0,,enriched_bourgogne-franche-comte_2023.csv
83e8b382e71bc263dc2ae94da51db92efae94cea,https://www.bourgogne-franche-comte.developpement-durable.gouv.fr/charnay-les-macon-71-a9957.html,Charnay-lès-Mâcon (71),71,bourgogne-franche-comte,2023,60.0,,,Lithium Fer Phosphate (LFP),Harmony Energy France,Charnay-lès-Mâcon,non_soumis_EI,2023-04-05,"Le projet consiste en l'installation d'une unité de stockage par batteries sur 1,2 ha de terrains agricoles à Charnay-lès-Mâcon, incluant un poste électrique et un bâtiment annexe de 150m². Il est classé ICPE 2925-2 et relève de la catégorie 32 de l'article R. 122-2 du code de l'environnement. La décision de non-soumission à évaluation environnementale est justifiée par l'absence d'impact significatif, a priori, sur la biodiversité et les zones humides (situées en dehors du site), la proximité du raccordement au poste électrique de Mâcon, et des surfaces imperméabilisées limitées (environ 15% de l'emprise). Une haie paysagère est prévue pour limiter l'impact visuel dans le Grand Site de Solutré Pouilly Vergisson. La gestion des eaux pluviales devra être approfondie lors de la déclaration Loi sur l'eau.",10,no,yes,,"Le projet est nommé 'Grande Terre'. La technologie Lithium Fer Phosphate (LFP) a été choisie pour l'absence de cobalt, le risque d'emballement thermique réduit et son rapport performance/prix. Le projet est implanté sur les parcelles BK 0059 et BK 0015.",,,,,,,,0.0,,enriched_bourgogne-franche-comte_2023.csv
428cbf69920a1f380c9e47df4840e97f7a0c3067,https://www.bourgogne-franche-comte.developpement-durable.gouv.fr/vieilmoulin-21-a10853.html,Vieilmoulin (21),21,bourgogne-franche-comte,2024,100,2.0,200.0,batterie,NEOEN,Vieilmoulin,soumis_EI,2024-10-17,"Le projet est soumis à évaluation environnementale en raison de sa nature (création d'un poste de transformation HTB de 225 kV pour un stockage électrique de 100 MVA / 200 MWh par batteries), de sa localisation sur une prairie permanente sensible (BCAE9) au sein d'une ZNIEFF et d'un site Natura 2000, et des impacts potentiels notables. Ces impacts incluent la consommation de près de 2 ha d'espaces naturels/agricoles, l'interdiction de convertir des prairies sensibles, et la nécessité d'études approfondies sur les variantes d'implantation, le diagnostic écologique, l'évaluation des incidences Natura 2000, l'insertion paysagère, la gestion des eaux pluviales, les nuisances sonores et la prévention des pollutions.",3,yes,yes,,"Le projet consiste en la création d'un poste de transformation HTB privé comprenant 24 unités de stockage, chacune avec deux conteneurs à batteries et deux convertisseurs. L'objectif est d'assurer l'équilibrage du réseau public d'électricité. L'emprise foncière est de 19 240 m², avec une surface imperméabilisée de 1 480 m². Le site est situé au lieu-dit « la Chaleur », à environ 150 m des habitations les plus proches. Le projet relève de la catégorie n°32 du tableau annexé à l'article R.122-2 du Code de l'environnement. La durée des travaux est estimée à 20 mois.",,,,,,,,0.0,,enriched_bourgogne-franche-comte_2024.csv
10e71cd8d66f5d4a06c905a7e4bc510bd2fd48a7,https://evaluation-environnementale.ecologie.gouv.fr/#/public/view-document/12248,SENS (89) - Projet de stockage d’électricité par batteries avec création d'un poste de transformation HTB,89,bourgogne-franche-comte,2025,,,,,NEOEN,SENS,,,,5,no,yes,,Le document 05 est une demande d'examen au cas par cas. Le projet inclut la création d'un poste de transformation HTB.,,,,,,,,0.0,Toutes URLs filtrées (scores trop bas),enriched_bourgogne-franche-comte_2025.csv
b42d9d4cea336d4c5425ec8157d82d21db66e0b7,https://evaluation-environnementale.ecologie.gouv.fr/#/public/view-document/10023,"LIGNY-LE-CHÂTEL (89) - Station de stockage d'électricité de ""SEREIN"" ",89,bourgogne-franche-comte,2025,50.0,3.0,150.0,Batteries,R&S,Ligny-le-Châtel,non_soumis_EI,,"Impacts non notables sur l'environnement et la santé humaine, compte tenu de la consommation limitée d'espaces naturels (0,9 ha), de l'intégration paysagère dans un site déjà marqué par des installations électriques, de l'absence d'enjeux écologiques significatifs connus, des mesures de prévention des incendies, des nuisances sonores non significatives dues à l'éloignement des habitations, et des dispositions pour limiter les pollutions et nuisances diverses en phases de travaux et d'exploitation.",2,no,yes,,"Projet relevant de la catégorie 32 du tableau annexé à l'article R.122-2 du Code de l'environnement (postes de transformation >= 63 kV). Emprise de 0,9 ha sur la parcelle cadastrale n° YI0044, lieu-dit « les Côtes ». Comprend 4 ensembles de 4 containers à batteries et 1 container onduleur/transformateur chacun. Raccordement au poste source RTE de « Serein ». Citerne d'eau d'extinction de 120 m³. Situé en zone agricole (An) du PLU, avec révision allégée en cours pour classer en zone UBe. À environ 1 km des habitations les plus proches. En dehors de site Natura 2000 et de zonage naturaliste proche. La demande d'examen au cas par cas a été reçue le 14 août 2025.",,,,,,,,0.0,Toutes URLs filtrées (scores trop bas),enriched_bourgogne-franche-comte_2025.csv
f39dda4ca3249fe49b125282137f3aeb6323fd62,https://evaluation-environnementale.ecologie.gouv.fr/#/public/view-document/9262,DRÉE (21) - Projet de stockage d’électricité par batteries à proximité du poste électrique de Vieilmoulin,21,bourgogne-franche-comte,2025,40.0,4.0,160.0,batterie Lithium-ion de dernière génération,AMBOS4,Drée,non_soumis_EI,2025-09-05,"Le projet n'est pas soumis à évaluation environnementale en raison d'impacts non notables sur l'environnement et la santé humaine, compte tenu de la consommation limitée d'espaces naturels, de son intégration dans un paysage déjà marqué par des installations électriques, et de la mise en œuvre de mesures d'évitement, de réduction et d'accompagnement.",3,no,yes,,Les caractéristiques de puissance et d'énergie ont été rectifiées par un arrêté ultérieur suite à des erreurs matérielles. La puissance initiale était de 30 MW pour 120 MWh.,,,,,,,,0.0,Toutes URLs filtrées (scores trop bas),enriched_bourgogne-franche-comte_2025.csv
217a949b4ebf5bb8fda3722b5232510d35c4155b,https://evaluation-environnementale.ecologie.gouv.fr/#/public/view-document/9101,GY (70) - Stockage d'électricité par batterie ,70,bourgogne-franche-comte,2025,30.0,,,Lithium-ion,AMBOS1,Gy,non_soumis_EI,,Le projet de construction d’une installation de stockage d’électricité par batteries Lithium sur le territoire de la commune de Gy n’est pas soumis à évaluation environnementale.,2,no,yes,,"Le document mentionne la commune de Gy (25) dans l'Article 1er, mais toutes les autres mentions et le titre du projet indiquent Gy (70). Le projet relève de la catégorie ICPE 2925-2 (stockage d'énergie électrique par batteries) et implique un transformateur moyenne tension 63/33 kV. La demande d'examen au cas par cas a été reçue le 10 juillet 2025.",,,,,,,,0.0,Tous téléchargements échoués ou invalidés,enriched_bourgogne-franche-comte_2025.csv
17d81200c8ce16f760ba254a8adbf2206c032444,https://evaluation-environnementale.ecologie.gouv.fr/#/public/view-document/8508,TONNERRE (89) - Construction d'un poste de transformation et de stockage d'électricité,89,bourgogne-franche-comte,2025,,,,Lithium-ION,ACACIA,Tonnerre,non_soumis_EI,,Le projet de construction d’un poste de transformation et de stockage d’électricité au sein de la ZAC des Terres de Vauplaine sur le territoire de la commune de Tonnerre (89) n’est pas soumis à évaluation environnementale.,1,no,yes,,"Projet de construction d'un poste de transformation et de stockage d'électricité avec 80 containers de batteries Lithium-ION. Emprise totale de 2,62 ha, enceinte clôturée de 2,08 ha. Réserves d'eau de 300 m3 pour la lutte incendie. Durée d'exploitation estimée à 30 ans. Raccordement au poste source de Tonnerre via RTE. Le projet relève de la catégorie n°32 de l'article R.122-2 du Code de l'environnement (postes de transformation >= 63 kV) et de la rubrique ICPE n°2925-2 (ateliers de charge d'accumulateurs électriques au lithium).",,,,,,,,0.0,Toutes URLs filtrées (scores trop bas),enriched_bourgogne-franche-comte_2025.csv
3b03fa10d68d18f4671b53aff4216ea749a97b50,https://evaluation-environnementale.ecologie.gouv.fr/#/public/view-document/7141,VIEILMOULIN (21) - Projet de stockage électricité par batterie avec création d'un poste de transformation HTB,21,bourgogne-franche-comte,2025,100.0,2.0,200.0,stockage d'électricité par batteries,NEOEN,Vieilmoulin et Sombernon,non_soumis_EI,,"Le projet n'est pas soumis à évaluation environnementale. La décision est justifiée par l'intégration paysagère, l'absence d'impacts résiduels significatifs après mesures de réduction (écologie, bruit, incendie, sécurité routière, gestion des eaux pluviales et prévention des pollutions).",8,no,yes,,"Le projet implique la création d'un poste de transformation HTB et la consommation de 3,17 ha d'espaces agricoles.",,,,,,,,0.0,Aucun résultat Google Search,enriched_bourgogne-franche-comte_2025.csv
044c5a941a01240258a805a4ece37f6df667405b,https://evaluation-environnementale.ecologie.gouv.fr/#/public/view-document/4997,MONTIGNY-LA-RESLE (89) - construction d'un poste électrique associé à un système de stockage par batteries,89,bourgogne-franche-comte,2025,,,200.0,Batteries,LANGA INTERNATIONAL,Montigny-la-Resle,non_soumis_EI,,Le projet de création d'un poste électrique associé à un système de stockage d'énergie par batteries sur le territoire de la commune de Montigny-la-Resle (89) n’est pas soumis à évaluation environnementale.,8,no,yes,,"Le projet comprend 32 unités de stockage de batteries, 8 postes de transformation BT/HTA, un poste électrique HTB avec un transformateur 33kV/225kV, et un bâtiment annexe de 150 m². L'emprise totale est d'environ 1,8 ha. Le projet relève de la catégorie n°32 du tableau annexé à l’article R. 122-2 du Code de l’environnement, concernant les postes de transformation de tension maximale égale ou supérieure à 63 kilovolts.",,,,,,,,0.0,Toutes URLs filtrées (scores trop bas),enriched_bourgogne-franche-comte_2025.csv
c5120ea16dfd50d1a73b2d752f21ce2cb8976a6f,https://www.normandie.developpement-durable.gouv.fr/stockage-d-electricite-par-batteries-et-creation-d-a5239.html,Stockage d’électricité par batteries et création d’un poste de transformation sur la commune d’Orbec (14),14,normandie,2023,60.0,3.0,180.0,Stockage d'électricité par batteries au sol,Axpo Storage FR3,Orbec,non_soumis_EI,2023-07-03,"Le projet de stockage de batteries au sol (60 MW / 180 MWh) et de création d'un poste de transformation est situé en zone industrielle à Orbec, hors de tout site sensible (Natura 2000, ZNIEFF, zones humides). Des mesures sont prévues pour la protection contre les champs électromagnétiques, la gestion des eaux d'incendie (bassin étanche), la prévention des risques thermiques (détecteurs, gaz inerte, climatisation) et le respect des normes de bruit. L'ensemble de ces éléments conduit à la conclusion que le projet n'est pas susceptible d'avoir des incidences notables sur l'environnement et la santé humaine.",2,no,yes,,"Le projet inclut la construction de dalles pour 60 conteneurs batteries et 20 conteneurs convertisseurs de puissance (PCS), une réserve d'eau d'extinction incendie de 120 m3, un bassin de rétention des eaux d'extinction incendie de 280 m3, et une haie d'intégration paysagère.",,,,,,,,0.0,Toutes URLs filtrées (scores trop bas),enriched_normandie_2023.csv
7ee6d5052c964f8f81099cd08838a1c01efeed86,https://www.normandie.developpement-durable.gouv.fr/creation-d-une-unite-de-stockage-d-energie-par-a5515.html,Création d’une unité de stockage d’énergie par batteries et de création de poste de transformation au lieu-dit Le Bois aux Floriaux sur la commune de Ferrières-Haut-Clocher (27),27,normandie,2023,,,,Batteries,Harmony Energy France,Ferrières-Haut-Clocher,non_soumis_EI,2023-12-20,"Le projet consiste en la création d'une unité de stockage d'énergie par batteries et d'un poste de transformation 90 kV/33 kV. L'emprise du projet est de 1,3 hectare, avec une surface artificialisée inférieure à 1 hectare. Le projet est situé sur un terrain agricole, en dehors de zones sensibles (Natura 2000 à 5km, ZNIEFF à 3,4km, périmètre de protection de captage à 1km, sites classés/inscrits sans visibilité). Les impacts sonores de la ventilation sont jugés faibles et inaudibles pour les riverains les plus proches (700m). Au vu de ces éléments, le projet n'est pas susceptible d'avoir des incidences notables sur l'environnement et la santé humaine.",2,yes,yes,,"Le projet inclut la construction de fondations pour 28 doubles unités de batteries et 28 transformateurs HTA, ainsi qu'un bâtiment de moins de 150 m². La surface imperméabilisée représente 16% du projet. Le projet relève de la rubrique n°32 (postes de transformation >= 63 kV) du code de l'environnement pour l'examen au cas par cas.",,,,,,,,0.0,Toutes URLs filtrées (scores trop bas),enriched_normandie_2023.csv
86b32fcb99db3e8e489c8f2cff246c6721e55e0a,https://www.normandie.developpement-durable.gouv.fr/projet-de-stockage-d-energie-par-batteries-au-lieu-a5310.html,Projet de stockage d’énergie par batteries au lieu-dit de la Plesse sur la commune de Saint-Pierre-de-Bailleul (27),27,normandie,2023,,,,batterie,Harmony Energy France,Saint-Pierre-de-Bailleul,non_soumis_EI,2023-08-30,Le projet n’apparaît pas susceptible d’avoir des incidences notables sur l’environnement et la santé humaine.,2,no,yes,,"Projet de stockage d'énergie par batteries comprenant 16 doubles unités de batterie, un transformateur HTB 90kV/33kV, un bâtiment de maintenance de 150m², une piste d'accès et une haie paysagère. Surface artificialisée: 8500m², surface imperméabilisée: 1300m². Situé au lieu-dit « Le Bois de la Plesse », à environ 3km des sites Natura 2000 les plus proches.",,,,,,,,0.0,Toutes URLs filtrées (scores trop bas),enriched_normandie_2023.csv
ed60944bbf5ba7617c99f5d3188f49d313cbb2d6,https://www.normandie.developpement-durable.gouv.fr/unite-de-stockage-par-batteries-d-electricite-a5356.html,"Unité de stockage par batteries d’électricité, raccordée à la station RTE du Manoir Pîtres (27)",27,normandie,2023,,,,Batteries,TagEnergy,Pitres,soumis_EI,2023-10-20,"Le projet est soumis à évaluation environnementale en raison de l'absence d'étude acoustique et de diagnostic faune/flore sur un site potentiellement habitat silicicole rare, la possible présence d'espèces protégées, et l'artificialisation d'environ 2 ha. Le projet est jugé susceptible d'avoir des incidences notables sur l'environnement et la santé humaine.",2,yes,yes,,,,,,,,,,0.0,Toutes URLs filtrées (scores trop bas),enriched_normandie_2023.csv
f8d5f11f428981ad7b5f8cb95919a1a3520cd35c,https://www.normandie.developpement-durable.gouv.fr/projet-de-stockage-de-batteries-au-sol-sur-la-a5216.html,Projet de stockage de batteries au sol sur la commune de Rai (61),61,normandie,2023,100.0,,,Batteries électriques,Sargas Solar,Rai,soumis_EI,2023-06-12,"Le projet de stockage de batteries de 100 MW sur 2,4 ha est soumis à évaluation environnementale en raison de ses incidences notables potentielles sur l'environnement et la santé humaine. Les préoccupations incluent le défrichement de 2,4 ha de parcelles boisées/enherbées, la présence de milieux humides et de corridors écologiques, la localisation en zone inondable (Risle) et sur des sols pollués (cuivre, plomb, zinc). Des risques de nuisances sonores (transformateurs) et de champs électromagnétiques pour les habitations proches sont également identifiés. L'évaluation devra couvrir le sol, les milieux naturels et leurs fonctionnalités, les risques naturels et la santé humaine.",2,no,yes,,"Le projet a une surface d'assiette de 8,8 ha. La demande d'examen au cas par cas a été télédéclarée sous le numéro A-3-QFJC3XDCT et reçue complète le 27 avril 2023.",,,,,,,,0.0,Toutes URLs filtrées (scores trop bas),enriched_normandie_2023.csv
51f1c40862980bbb8b726daceda9ccf06607d580,https://www.normandie.developpement-durable.gouv.fr/stockage-d-energie-par-batterie-situe-au-lieu-dit-a6130.html,Stockage d’énergie par batterie situé au lieu-dit Cours Satis sur la commune de Coquainvilliers (14),14,normandie,2024,100.0,,,,Recurrent Energy France SAS,Coquainvilliers,soumis_EI,2024-12-17,"Le projet est soumis à évaluation environnementale en raison d'incidences notables potentielles sur l'environnement et la santé humaine. Les éléments fournis ne permettent pas d'évaluer l'impact sur les haies (travaux de raccordement), les populations et le paysage (absence d'étude paysagère et acoustique), la continuité hydraulique et le ruissellement des eaux pluviales. De plus, le dossier ne contient pas de description des incidences cumulées avec d'autres projets existants ou approuvés, notamment un projet d'ombrières photovoltaïques à proximité.",2,no,yes,,"Projet de stockage d'énergie par batterie de 100 MWc, situé sur une parcelle de 20 ha avec une emprise au sol de 4 ha (3 ha maximum). Il comprend une centaine de conteneurs de batteries sur socles béton, des pistes et câbles souterrains, des locaux techniques et une clôture. Le site est classé en zone agricole (A) et contient 15,9 ha de zones humides et une mare. Des enjeux écologiques forts sont identifiés pour les zones humides, haies, fourrés et boisements. Des mesures d'évitement sont prévues (zone tampon, clôture adaptée, phasage des travaux).",,,,,,,,0.0,Toutes URLs filtrées (scores trop bas),enriched_normandie_2024.csv
36755e864246c7d2487cc1b294866f53fa7106b9,https://www.normandie.developpement-durable.gouv.fr/stockage-d-electricite-par-batteries-et-creation-d-a5853.html,Stockage d’électricité par batteries et création d’un poste de transformation au lieu-dit Le Tertre sur la commune de Saint-Laurent-de-Terregatte (50),50,normandie,2024,,,,Stockage d'électricité par batteries,TagEnergy Développement SA,Saint-Laurent-de-Terregatte,non_soumis_EI,2024-07-18,"Le projet de stockage d'électricité par batteries et création d'un poste de transformation est situé en zone agricole, hors des périmètres environnementaux sensibles (Natura 2000, ZNIEFF, zones humides, zones inondables, périmètres de protection de captage d'eau potable). Sa proximité avec un poste de transformation haute tension existant est un atout. Malgré des risques potentiels liés au ruissellement, à la pollution (lithium) et aux incendies, le porteur de projet s'est engagé à mettre en œuvre des mesures de gestion des eaux de pluie (drains, bassin de rétention), de prévention des pollutions (cahier des charges entreprises, dispositifs de rétention, plan d'intervention) et de réduction des risques d'incendie (plan d'intervention, gestion des eaux d'extinction). Au vu de ces éléments et des mesures proposées, le projet n'est pas susceptible d'avoir des incidences notables sur l'environnement et la santé humaine.",2,yes,yes,,"Une décision antérieure (n° 2023-4747 du 8 février 2023) avait soumis ce même projet à évaluation environnementale. La présente décision (n° 2024-5439 du 18 juillet 2024) conclut à la non-soumission à évaluation environnementale, suite à une nouvelle demande d'examen au cas par cas.",,,,,,,,0.0,Toutes URLs filtrées (scores trop bas),enriched_normandie_2024.csv
a549d4fa90db3b3d44520fa3528247cf78594f0e,https://www.normandie.developpement-durable.gouv.fr/stockage-de-batteries-au-sol-au-lieu-dit-a5840.html,Stockage de batteries au sol au lieu-dit Boisthorel sur la commune de Rai (61),61,normandie,2024,100.0,,,Batteries électriques au sol,Sargas Solar,Rai,non_soumis_EI,2024-07-22,"Le projet n'est pas soumis à évaluation environnementale car il n'apparaît pas susceptible d'avoir des incidences notables sur l'environnement et la santé humaine. Toutefois, il est noté que le dossier ne présentait pas de mesures suffisantes pour limiter les risques de pollution des eaux, du sol et de l'air, ni pour réduire les risques de protection, d'extension ou de confinement des eaux. Les effets cumulés avec le poste électrique d'Aube nécessitent une appréciation. L'évaluation environnementale doit donc porter sur les risques de pollution du sol, de l'air, le risque incendie et les effets cumulés avec les projets existants ou approuvés.",2,no,yes,,"Projet de stockage de batteries au sol sur une surface d'assiette de 2,61 ha (emprise 2,37 ha), incluant le défrichement/déboisement de 0,70 ha. Localisé au lieu-dit Boisthorel, sur une parcelle en friche, éloignée des habitations. Le site est hors Natura 2000 (5,3 km du plus proche) et ZNIEFF (3,3 km du plus proche), mais dans des corridors humides et boisés (SRCE/Sraddet) et en zone rouge du plan de prévention du risque d'inondation de la rivière « la Risle ». Mesures d'évitement/réduction incluent : évitement espèces invasives, clôture pour petite faune, travaux en septembre-octobre (pas de nuit), sites de ponte/hibernaculum, suivi écologue, implantation éloignée des habitations, haies paysagères, gestion des eaux pluviales/incendies.",,,,,,,,0.0,Toutes URLs filtrées (scores trop bas),enriched_normandie_2024.csv
664fcd6c3c5220ee0cdd16ca83f034dff24ee113,https://www.normandie.developpement-durable.gouv.fr/construction-d-une-installation-de-stockage-par-a6531.html,Construction d’une installation de stockage par batteries et du poste de transformation sur la commune de Servaville-Salmonville (76),76,normandie,2025,50,2,100,Batteries,VENSOLAIR SAS,Servaville-Salmonville,non_soumis_EI,2025-08-08,"Le projet de construction d'une installation de stockage par batteries (50 MW / 100 MWh) et d'un poste de transformation sur la commune de Servaville-Salmonville n'est pas soumis à évaluation environnementale. La décision est justifiée par l'absence d'incidences notables sur l'environnement et la santé humaine, compte tenu de la localisation du projet en dehors de sites sensibles (Natura 2000 à 8km, ZNIEFF à 950m, zones humides, périmètres de captage d'eau), des faibles enjeux écologiques identifiés et des mesures d'évitement et de réduction des impacts prévues en phases de construction et d'exploitation (gestion du trafic, bruit, eaux, biodiversité, intégration paysagère par haies), ainsi que de la réversibilité du site en fin d'exploitation.",2,yes,yes,,"Projet de construction et d'exploitation d'une installation de stockage par batteries stationnaires et d'un poste de transformation. Demandeur: VENSOLAIR SAS, représenté par M. Julien SUILLEROT. Localisation: terrain agricole à Servaville-Salmonville (76), à proximité du poste RTE de Cazerie via une liaison souterraine de 200m. Surface totale: 8800 m² pour l'installation et 990 m² pour le chemin d'accès. Hauteur maximale du poste HTB: 8 mètres. Le projet est soumis à permis de construire et à déclaration au titre de la rubrique ICPE 2925 'ateliers de charge d'accumulateurs', et relève de la rubrique n°32 a) du tableau annexé à l'article R. 122-2 du code de l'environnement (postes de transformation >= 63 kV). Durée d'exploitation prévue: 20 ans. Consommation d'environ un hectare de terres agricoles. Des incidences cumulées avec le poste électrique de Cazerie sont prévisibles (imperméabilisation, bruit, anthropisation).",,,,,,,,0.0,Toutes URLs filtrées (scores trop bas),enriched_normandie_2025.csv
